user_group,name,age,gender,occupation,marital_status,free_time,value,life_satisfaction,child_plan,child_expect,child_need
,Emilio,38,Male,marketer,Single,attending cultural events,"For me, attending cultural events is one of the most valuable things in my life. Being able to experience different art forms, music genres, and literature works broadens my perspective and makes me appreciate the beauty in diversity. It is not only intellectually stimulating, but it also connects me with like-minded and creative individuals who share the same passion for the arts. Overall, this enriches my life and contributes to my personal growth.",Mostly unsatisfied with current lifestyle.,I want to have children,"I want to have children because I believe it will bring a new level of joy and fulfillment to my life. As much as I enjoy attending cultural events and expanding my horizons, I feel like there is something missing in my life. I want to experience the joys and challenges that come with raising a child and passing down my values and beliefs. I also believe that having a family will provide a sense of purpose and legacy that is important to me. While I may be mostly unsatisfied with my current lifestyle, I believe that having children will bring me the happiness and sense of accomplishment that I am looking for.","As a parent, I imagine that access to quality art programs and cultural events for children would be incredibly helpful. It would be great to have resources and support for exposing children to different art forms and allowing them to explore their creativity. Additionally, access to affordable and reliable childcare services would also be very beneficial for working parents like myself. Overall, having access to these kinds of civic services would help me as a parent create a more enriching and well-rounded experience for my future children."
,Enrique,53,Male,consultant,Single,I enjoy spending my free time reading business books,"In my life, I really value knowledge and education. As a consultant, it's important for me to stay up-to-date on industry trends and advancements so I can provide the best advice to my clients. In my free time, I enjoy spending time reading business books to expand my knowledge even further. Additionally, I value my independence and the freedom to make my own choices without having to answer to anyone else. Being single allows me to pursue my passions and interests without any external constraints, which I find incredibly valuable.",Mostly unsatisfied with current lifestyle.,I want to have children,"As someone who values knowledge and education, I see having children as an opportunity to pass on the lessons I've learned in life to the next generation. I also appreciate the idea of creating a legacy and leaving a positive impact on the world through my children. While I do enjoy my independence and freedom to pursue my own interests, I feel that having children would bring a new level of fulfillment and purpose to my life. Overall, I am excited about the possibility of starting a family and sharing my knowledge and experiences with my children.","As a parent, I would greatly appreciate civic services that prioritize education and learning. Accessible and affordable after-school programs or extracurricular activities for children would be especially helpful. Additionally, resources and programs that promote healthy relationships and communication between parents and their children, such as parenting classes or family counseling services, would be beneficial. As a single parent, I would also appreciate assistance with childcare options and affordable housing in safe neighborhoods with good schools."
,Eric,30,Male,teacher,Single,"I love spending my free time practicing yoga, reading books, and attending cultural events.","I value overall wellness, knowledge, and experiencing new things in my life. Practicing yoga helps me maintain physical and mental well-being, while reading books and attending cultural events allows me to expand my understanding of the world and different perspectives. These things bring depth and meaning to my life, and help me feel fulfilled.",Mostly unsatisfied with current lifestyle.,I want to have children,"I want to have children because I feel like it will add a new depth and dimension to my life. As much as I enjoy practicing yoga, reading books, and attending cultural events, I feel like having kids will bring a level of joy and fulfillment that I may not even understand yet. I value overall wellness and experiencing new things, and I believe that raising children will allow me to do both of those things in a new and exciting way. While I may not be satisfied with my current lifestyle at the moment, I believe that having children will bring a new sense of purpose and joy to my life.","As a parent, I would greatly benefit from civic services that prioritize education and cultural enrichment. Accessible and affordable after-school programs, community events, and youth mentorship programs would help ensure that my children have opportunities to learn and grow beyond the classroom. Additionally, quality and affordable healthcare, including maternal and pediatric care, would provide peace of mind as a parent. Lastly, safe and well-maintained parks and playgrounds would allow my family to enjoy the outdoors and stay active together."
,Damon,28,Male,researcher,Single,"I love spending my free time attending networking events, playing golf, and spending time with my family.","I lead a very active lifestyle and hence, I value my health and fitness. Apart from that, I also cherish my personal relationships, especially the time that I get to spend with my family. Attending networking events gives me a chance to meet new people, learn from them, and advance in my career. And lastly, I am really passionate about playing golf - the game challenges me in every way possible and helps me maintain a healthy work-life balance.",Mostly unsatisfied with current lifestyle.,"I want to have children in someday, but not now.","As someone who leads an active and fulfilling lifestyle, I value my personal relationships and cherish the time that I spend with my family. Although I do want to have children someday, I don't feel ready for that responsibility just yet. Right now, I'm focused on advancing in my career through attending networking events and challenging myself through playing golf. Additionally, maintaining my health and fitness is a top priority for me. While having children is something I'm interested in for the future, I want to make sure I'm in a place where I can provide them with the best possible life.","If I were to raise children, I believe having access to quality healthcare and education services would be the most helpful. As someone who values their health and fitness, I would want my children to have access to the best doctors, nutritionists, and fitness professionals. Additionally, having access to excellent schools that provide strong academic and extracurricular programs would be crucial for their growth and development."
,Aidan,52,Male,lawyer,Single,"I am an avid reader, so I spend most of my free time reading books and newspapers. I also enjoy attending art exhibitions and cultural events.","I value the time I spend engaging in intellectual pursuits, like reading books and staying up to date with current events through newspapers. It not only enriches my life but also helps me stay informed in my profession as a lawyer. Additionally, attending art exhibitions and cultural events is a way for me to explore new perspectives and appreciate different forms of creativity. It brings me great joy to see the world through the lens of art and culture.",Mostly satisfied with current lifestyle.,I do not want to have children,"As an avid reader and someone who values intellectual pursuits, I have found great joy in immersing myself in books and newspapers. I also find attending art exhibitions and cultural events to be a deeply enriching experience. While I value the many joys that life has to offer, I do not feel that having children is the right choice for me. I am content with my current lifestyle and cherish the freedom to explore my passions and interests without the added responsibility of raising children.","As someone who does not plan to have children, I cannot speak from personal experience. However, if I were raising children, I imagine that accessible and affordable after-school programs would be incredibly helpful. These programs could provide a safe and engaging environment for my children to learn and socialize while I work. It would also be beneficial to have access to reliable transportation options for myself and my children, like public transportation or designated school buses, to make getting around the city more efficient and less stressful."
,Brennan,38,Male,marketer,Single,"I enjoy reading business books, attending networking events, and practicing meditation during my free time.","I find great value in constantly learning and improving myself, both personally and professionally. Reading business books and attending networking events allow me to stay knowledgeable about industry trends and connect with like-minded individuals. Additionally, practicing meditation brings balance and peace to my life, helping me to manage stress and approach challenges with a clear mind. While I am currently single, building and maintaining strong relationships with family and friends is also a top priority and source of value in my life.",Mostly satisfied with current lifestyle.,I do not want to have children ever.,"As someone who values constant learning, personal growth, and balance in my life, I do not currently see having children as the right choice for me. While I appreciate the joys and rewards of parenthood, I believe that there are other fulfilling ways to make a positive impact on the world and build meaningful relationships. Whether through my career, personal hobbies, or connections with loved ones, I feel fulfilled and content with my current lifestyle and do not see having children as a necessary or desirable addition.","As someone who does not plan on having children, it is difficult for me to imagine what kinds of civic services would be helpful to me as a parent. However, if I were to imagine, I could see how access to affordable childcare and quality education services would be important. Additionally, access to resources such as community centers with activities and events for children would also be helpful."
,Ellie,33,Female,Financial Analyst,Single,I like to spend my free time reading books on finance and attending seminars. I also enjoy playing sports and going to the gym.,"For me, the things that I value the most in my life are learning and self-improvement. As a financial analyst, I place a lot of importance on constantly expanding my knowledge and staying up-to-date with the latest trends and developments in my field. I also prioritize my physical and mental health, which is why I make time to hit the gym, play sports, and read books on personal growth and wellbeing. In addition, spending time with my loved ones and building meaningful relationships is crucial to me, as it brings me a sense of happiness and fulfillment. Overall, I believe that investing in myself, my relationships, and my health are the key pillars of a fulfilling life.",Mostly unsatisfied with current lifestyle.,I want to have children,"I've always envisioned having a family as a crucial part of my life plan. Although I prioritize my personal growth and wellbeing, I also see the value in investing in relationships and building a meaningful family. I feel that having children will bring me a new level of purpose and fulfillment in life, and I believe that I have the financial stability and emotional capacity to take on this life-changing role. I understand that raising children will be challenging, but I'm willing to put in the work and sacrifice to ensure that they have the best life possible. Ultimately, for me, having children is a natural next step in my journey towards a happy and fulfilling life.","As someone who plans to have children in the future, I believe that civic services such as affordable and quality childcare, educational programs for young children, and access to parks and outdoor recreational activities would greatly benefit me as a parent. Additionally, having access to healthcare services that prioritize preventative care and mental health resources for both parents and children would also be important. As a financial analyst, I understand the value of investing in the future, and these services would not only benefit me as a parent but also contribute to the overall well-being and success of my children and the community as a whole."
,Erin,39,Female,Interior Designer,Single,I enjoy designing interiors and attending design exhibitions during my free time. I also like to travel and explore new design trends.,"In my life, I value creativity, exploration, and meaningful experiences. As a designer, I find great joy in creating beautiful spaces, and attending design exhibitions allows me to stay current with the latest trends and innovations. When I'm not working, I prioritize travel and adventure, as I believe that exploring new places and cultures is essential for personal growth and learning. Overall, I place a high value on living a fulfilling and purposeful life, full of beauty, inspiration, and new discoveries.",Mostly unsatisfied with current lifestyle.,I want to have children,"As an interior designer, I find great satisfaction in creating beautiful spaces and attending design exhibitions to stay up-to-date with the latest trends and innovations. However, I also value personal growth and learning through travel and adventure. While I am mostly unsatisfied with my current lifestyle, I believe that having children would bring a new level of purpose and fulfillment into my life. I am eager to explore the joys of parenthood and witness the growth and development of a child. Additionally, I believe that raising a child would allow me to pass on my values of creativity, exploration, and meaningful experiences to the next generation. Overall, I see having children as a natural next step in my journey towards a fulfilling and purposeful life.","As a parent, I would appreciate civic services that focus on providing safe and accessible public spaces for children to play and explore. It would also be helpful to have community programs that promote creativity and learning, such as art classes or science workshops. Additionally, services that support working parents, such as affordable and high-quality childcare options, would greatly benefit my family. With my love for travel and exploration, I would also be interested in programs that introduce children to different cultures and help them understand the diversity of the world around them."
,Fiona,35,Female,Artist,Single,I enjoy creating art and attending art exhibitions during my free time. I also like to travel and explore new cultures.,"I value creativity and self-expression in my life. As an artist, my work is a reflection of who I am and what I believe in. It brings me great joy and fulfillment to create something unique and meaningful that others can appreciate. I also value experiences that expose me to different perspectives and cultures. Traveling and exploring new places not only broadens my horizons but also allows me to connect with people and places in a deeper way. These things are what make my life rich and fulfilling.",Mostly unsatisfied with current lifestyle.,I want to have children,"I want to have children because I believe that being a mother would be one of the most meaningful and fulfilling experiences of my life. As an artist, I believe that creativity and self-expression are essential to a happy and fulfilling life, and I am excited to pass on my love of art to my children. Additionally, I value the experiences that come with raising children, such as teaching them about different perspectives and cultures, and watching them grow and develop into their own unique individuals. While I know that having children will bring many challenges and sacrifices, I am willing to take them on for the sake of raising a family and experiencing the incredible joy that comes with being a parent.","As a parent, I think having access to quality and affordable childcare services would be incredibly helpful. As an artist, I often have unpredictable schedules and would need someone reliable to take care of my children when I have to attend art exhibitions or take on new gigs. Additionally, having a vibrant community center that offers after-school programs would be beneficial for my children to explore their interests and develop social skills. Lastly, I would love to see more public spaces that promote creativity and self-expression, such as art galleries, music programs, and cultural festivals, where my children can learn about different cultures and express themselves through various art forms."
,Gianna,27,Female,Digital Artist,Married,I enjoy creating digital art and attending art exhibitions during my free time. I also like to travel and explore new cultures.,"I value the freedom to express myself creatively through my digital art. Being able to attend art exhibitions and explore new cultures also brings me a great deal of joy and fulfillment in my life. And of course, my marriage is incredibly important to me and I value the love and support we share. Overall, I cherish the experiences and relationships that bring meaning and purpose to my life.",Mostly satisfied with current lifestyle.,"I want to have children in someday, but not now.","At this moment, I'm focusing on my career as a digital artist and enjoying my freedom to create art and explore different cultures. My marriage is also a priority for me, and I value the love and support that my husband and I share. While I do want to have children someday, I feel fulfilled with my current lifestyle and exploring my creative passions. Right now, I feel content with continuing to focus on my personal growth and building my career, but I'm open to the idea of starting a family in the future.","If I were raising children, I imagine that having access to quality education and after-school programs would be extremely helpful. As a digital artist, I know how important it is for children to have creative outlets and the opportunity to explore their interests. In addition, having safe and well-maintained parks and recreational areas for my children to play in would also be great. Overall, any resources and support that can help me provide a happy and healthy environment for my imaginary children would be greatly appreciated."
,Grace,32,Female,Entrepreneur,Married,I like to spend my free time attending startup events and reading books on entrepreneurship. I also enjoy practicing meditation and yoga.,"I value staying rooted in my own authenticity and remaining true to my values, but also being open and flexible to new experiences and growth. I value learning and improving myself constantly, both personally and professionally. I find a lot of fulfillment in connecting with others and building meaningful relationships, as well as giving back to my community and making a positive impact in the world. Lastly, I value self-care and mindfulness practices, as they help me stay grounded and centered in the midst of a fast-paced and demanding lifestyle.",Mostly satisfied with current lifestyle.,"I want to have children in someday, but not now.","I want to have children someday because I believe it would be a great experience to bring new life into this world and to have the opportunity to grow and learn with my child. However, right now as an entrepreneur, I value my time and focus on growing my business. I want to make sure that I am in a stable financial situation and have the time and energy to devote to raising a child before deciding to start a family. For now, I am content with my current lifestyle and am enjoying the freedom to pursue my passions and hobbies.","As someone who imagines raising children in the future, I believe access to quality early education programs and affordable childcare would be incredibly helpful services to have as a parent. Additionally, programs that promote physical activity and health, such as community sports teams or safe outdoor spaces, would be beneficial for both my children and myself. As an entrepreneur, I also appreciate resources that support small business owners and create job opportunities within my community."
,Hadley,24,Female,Digital Marketer,Married,I love to spend my free time creating content and managing social media accounts. I also enjoy going to the beach and trying new food.,"Personally, I value my family and friends the most in my life. They bring so much joy and love into my world. Additionally, I value creativity and the ability to express myself through my work and hobbies. Spending time on social media allows me to tap into my creative side and connect with others who share similar passions. Lastly, I value adventure and new experiences. Whether it's trying a new restaurant or visiting a new beach, exploring and trying new things keeps life exciting and fulfilling.",Mostly satisfied with current lifestyle.,"I want to have children in someday, but not now.","As someone who values creativity, adventure and spending time with loved ones, having children is definitely something that I see in my future. However, right now I feel content with my current lifestyle and am focused on growing in my career and enjoying the present moment. I believe that having children requires a significant amount of time, energy and resources, and I want to make sure that when the time comes, I am in a stable and secure place to provide for them. For now, I am happy to continue exploring new places, trying new foods and connecting with others through my passions and hobbies.","Even though I do not plan on having children right now, I imagine that as a parent, access to affordable and reliable childcare services would be a game-changer. It would give me peace of mind when I'm at work or busy with errands. Additionally, having safe and accessible recreational parks and outdoor spaces for kids to play and explore would be great. This will allow me to take my kids out for some outdoor activity and keep them active and healthy. Lastly, having community-based resources and services to support and guide me as a new parent would be valuable. It would help me learn how to navigate the challenges that come along with parenting and ensure that my kids receive the best care and support possible."
,Hope,25,Female,Fashion Stylist,Married,I enjoy styling outfits and attending fashion events during my free time. I also like to travel and explore new fashion trends.,"For me, life is all about experiencing new things and staying on top of constantly evolving fashion trends. As a fashion stylist, I find joy in putting together unique and stylish outfits that showcase my clients' personalities. When I'm not working, I love attending fashion events and shows to get inspired by new styles and designers. Traveling is also a big part of my life. I enjoy exploring different cultures and styles, and am always on the lookout for new fashion inspiration. Overall, I value creativity, self-expression, and the opportunities that come with being a fashion stylist.",Mostly satisfied with current lifestyle.,I do not want to have children,"As a fashion stylist who enjoys traveling and exploring new trends, I feel fulfilled by the opportunities that come with my profession. I value my freedom and independence, and I don't see having children fitting into my current lifestyle. I find joy in being creative and expressing myself through my work, and I don't feel that having children would allow me to fulfill those passions. While I respect the decision of those who choose to have children, it simply isn't the right path for me at this point in my life. I am content with my current lifestyle and happy to continue exploring new fashion trends and cultures without the added responsibility of raising a child.","As someone who does not plan on having children, I cannot imagine what civic services would be helpful for me as a parent."
,Isabella,27,Female,Social Worker,Married,I enjoy volunteering for social causes and attending community events during my free time. I also like to travel and explore new cultures.,"I value my relationships with my family, friends and community. As a social worker, giving back to society is a key factor in my life. I enjoy volunteering for social causes and attending community events during my free time. I also love to travel and explore new cultures. Being exposed to diverse cultures helps me understand the world better and appreciate the beauty of differences. Overall, my life is driven by my passion for making a difference in the world.",Mostly satisfied with current lifestyle.,I do not want to have children,"As a social worker, I have dedicated my life to giving back to society and making a positive impact on the world. While I value my relationships with my family, friends, and community, I do not feel that having children aligns with my personal goals and passions. Instead, I find fulfillment in volunteering for social causes, attending community events, and traveling to explore new cultures. I believe that being exposed to diverse perspectives helps me better understand the world and appreciate the beauty of differences. Overall, I am mostly satisfied with my current lifestyle and do not feel that adding children to the mix would bring me the same level of fulfillment as continuing to pursue my passions and making a difference in the world.","As someone who does not plan to have children, I do imagine that as a parent, I would benefit from civic services such as affordable and accessible childcare, quality education, and community safety programs. These services would help me ensure that my children are well taken care of and have a bright future. I also believe that support for mental health and emotional well-being of parents, especially those who may be struggling, would be beneficial for raising healthy and happy children."
,Carly,25,Female,Social Media Manager,Single,I like to spend my free time scrolling through social media and creating new content. I also enjoy attending marketing conferences and networking events.,"Personally, the things that I value most in my life are my relationships with loved ones, my career growth, and my ability to express my creativity through social media. As someone who spends a lot of time building my online presence, it's important to me to stay connected with my audience and constantly come up with fresh ideas. Additionally, I find fulfillment in attending professional events and connecting with other like-minded individuals, which helps me learn and grow in my career. Ultimately, I believe that finding balance between my personal and professional passions is what makes my life truly valuable.",Mostly unsatisfied with current lifestyle.,I do not want to have children,"As someone who is focused on building my career, expressing my creativity through social media and networking with like-minded individuals, having children isn't something that currently aligns with my personal goals and priorities. While I value relationships with loved ones, I find fulfillment in other aspects of my life and I'm happy with my current lifestyle. It's important for me to maintain a balance that allows me to pursue my passions and continue to grow as a professional, and for me, that doesn't include having children at this time.","As someone who does not plan on having children, I am unable to provide personal insight into what civic services would be helpful for raising children. However, I believe that affordable and accessible child care services, quality education options, and progressive family leave policies would be beneficial for parents. It's important for all members of society to have access to resources that promote a healthy and prosperous lifestyle, regardless of their individual decisions regarding parenthood."
,Chelsea,33,Female,Consultant,Single,I enjoy spending my free time exploring new cities and trying new cuisines. I also like to attend business conferences and networking events.,"What I value in my life is the opportunity to discover new experiences and gain knowledge in my industry. I find joy in exploring unfamiliar cities and trying new foods. As a consultant, attending business conferences and networking events allows me to enhance my professional skills and discover new perspectives in my field. While being single, I have the chance to focus on personal growth and self-awareness. Overall, I value the freedom to pursue my passions and continue learning both personally and professionally.",Mostly unsatisfied with current lifestyle.,I do not want to have children,"As a career-focused woman who values personal growth and independence, I do not see having children as a priority in my life. I enjoy the freedom to explore new cities and partake in professional development opportunities without the added responsibilities and commitments that come with parenthood. While I have nothing but respect for those who choose to have children, it simply does not align with my current lifestyle and goals. Instead, I am content with pursuing my passions and continuing to learn both personally and professionally.","As someone who does not plan to have children, I cannot imagine what civic services would be helpful to me as a parent. I do not have any insight into the needs and challenges of raising children."
,Kenzie,27,Female,Interior Designer,Married,"In my free time, I enjoy redecorating my house and experimenting with new design techniques. I also like to attend home decor exhibitions and workshops.","In my life, I value my relationships with my family and friends, as they provide me with love, support, and laughter. I also value my career as an interior designer, as it allows me to express my creativity and passion for design. My free time is also important to me, as it gives me the opportunity to learn and grow through attending design workshops and experimenting with new techniques in my own home. Overall, I value a balance of personal and professional fulfillment, and strive to find that balance every day.",Mostly unsatisfied with current lifestyle.,I do not want to have children ever.,"I do not want to have children ever. While I love my family and friends, and enjoy spending time with children, I value my career and free time too much. My job as an interior designer is demanding, and requires a lot of time and attention. I find fulfillment in designing and creating beautiful spaces, which is something I don't want to sacrifice to have children. Additionally, my free time is precious to me, and I want to continue attending exhibitions and workshops, and experimenting with new techniques in my own home. Having children would change my lifestyle drastically, and I am mostly unsatisfied with my current lifestyle. Therefore, I have made the decision to not have children, in order to pursue my career and continue learning and growing as a person.","Although I do not plan on having children, I could imagine that as a parent, I would greatly value easy access to affordable childcare services. Additionally, resources such as parenting support groups, educational programs, and recreational activities that promote child development and socialization would be helpful. Access to safe and well-maintained parks and public areas, as well as community events and youth programs, would also be beneficial for both parents and children."
,Kendall,33,Female,Scientist,Married,"During my free time, I like to conduct experiments and research new scientific discoveries. I also enjoy attending science conferences and lectures.","As a scientist, my passion lies in conducting experiments and researching new scientific discoveries. It's what drives me, and it's what I value most in my life. I also love attending science conferences and lectures, expanding my knowledge and connecting with other like-minded individuals. And of course, my marriage is also incredibly important to me. Spending quality time with my partner and building a strong, loving relationship is another aspect of my life that I hold dear.",Mostly unsatisfied with current lifestyle.,I do not want to have children ever.,"As someone whose passion and focus is on my work as a scientist, I do not feel the desire to have children. My career and the pursuit of new discoveries are what give me the most fulfillment in life, and I cannot see myself sacrificing that for the sake of having a family. Additionally, as much as I value my marriage and the time I spend with my partner, I do not feel that a child would enhance or improve our relationship in any way. Simply put, having children is not something that interests or appeals to me, and I am content with my decision to focus on my work and my marriage.","As someone who does not want to have children ever, I cannot imagine what kinds of civic services would be helpful to me as a parent. Sorry!"
,Keira,28,Female,Marketing Coordinator,Married,"In my free time, I enjoy attending marketing workshops and learning new marketing techniques. I also like to read books on branding and social media marketing.","Personally, I value growth and continuous learning in my life. Whether it's through attending workshops or reading books, I find that expanding my knowledge and skill set in marketing brings me a sense of fulfillment. I also value my relationships with loved ones and making time for experiences that bring me joy, such as traveling or trying new foods. Overall, a balance of personal and professional growth, along with meaningful connections, is what I value most in life.",Mostly unsatisfied with current lifestyle.,I do not want to have children ever.,"I do not want to have children because I place a high value on personal and professional growth, and I enjoy having the freedom to pursue my interests and attend workshops to expand my skill set. Additionally, I cherish my relationships with loved ones and appreciate the ability to travel and try new things without the added responsibility of raising a child. Ultimately, I feel that not having children aligns with the lifestyle and values that bring me the most fulfillment and satisfaction.","As someone who does not plan on having children, I cannot fully imagine what kinds of civic services would help me as a parent. However, if I were to put myself in that position, I would imagine services such as affordable daycare or after-school programs, reliable public transportation systems for easy commutes, and accessible community centers or parks for engaging in outdoor activities with my children. Additionally, resources such as parenting classes or support groups would be helpful for navigating the challenges that come with raising children."
,Kennedy,35,Female,Writer,Married,I spend my free time writing for different publications and working on my book. I also like to attend book fairs and literary events.,"I truly value my creative expression through writing. Whether it's publishing articles or working on my book, it brings me a sense of accomplishment and fulfillment. I also value the relationships in my life, particularly my marriage. Spending quality time with my spouse and building a strong bond is an important aspect of my life. Lastly, attending book fairs and literary events feeds my passion for literature and helps me stay inspired in my writing.",Mostly unsatisfied with current lifestyle.,I do not want to have children ever.,"As a writer who highly values my creative expression and the relationships in my life, I have made the choice to not have children. I find that my writing and literary events bring me fulfillment and inspiration, and my marriage is a priority for me. While I respect the choice others make to have children, it is simply not the path that feels right for me and my current lifestyle.","As someone who does not plan on having children, I cannot speak from personal experience. However, I can imagine that as a parent, access to affordable and quality education, healthcare, and recreational programs for children would be essential. Additionally, services that prioritize the safety and wellbeing of children, such as effective public transit systems and safe parks and playgrounds, would also be important."
